"apps_Divorced","Freq"
" YouTube",0.857142857142857
"Facebook",0.714285714285714
" Instagram",0.571428571428571
" Twitter",0.428571428571429
" Snapchat",0.285714285714286
" Discord",0.142857142857143
"Instagram",0.142857142857143
"TikTok",0.142857142857143
