"gender","prop_positive"
"Female",0.487179487179487
"Male",0.476303317535545
