"apps_marrige","Freq"
"Facebook",0.841584158415842
" YouTube",0.772277227722772
" Instagram",0.485148514851485
" Pinterest",0.257425742574257
" Twitter",0.178217821782178
" Reddit",0.158415841584158
" Discord",0.128712871287129
" Snapchat",0.128712871287129
" TikTok",0.118811881188119
"Twitter",0.0792079207920792
"Instagram",0.0297029702970297
"YouTube",0.0297029702970297
"Discord",0.0099009900990099
"Reddit",0.0099009900990099
