"relation","ratio"
"Married",0.0891089108910891
"Divorced",0.285714285714286
"In a relation",0.284090909090909
"Single",0.280701754385965
