"Relationship.status","Ratio"
"Single",0.52280701754386
"In a relationship",0.522727272727273
"Married",0.227722772277228
"Divorced",0.428571428571429
