"apps_relation","Freq"
"Facebook",0.919540229885057
" YouTube",0.862068965517241
" Instagram",0.827586206896552
" Snapchat",0.494252873563218
" Discord",0.459770114942529
" Pinterest",0.252873563218391
" Twitter",0.252873563218391
" Reddit",0.241379310344828
" TikTok",0.218390804597701
"Instagram",0.0459770114942529
"YouTube",0.0344827586206897
