"apps","Freq"
"Facebook",0.835714285714286
" YouTube",0.825
" Instagram",0.732142857142857
" Discord",0.492857142857143
" Snapchat",0.428571428571429
" Pinterest",0.335714285714286
" Reddit",0.285714285714286
" Twitter",0.235714285714286
" TikTok",0.210714285714286
"Instagram",0.0571428571428571
"Twitter",0.0392857142857143
"YouTube",0.0357142857142857
"Reddit",0.0142857142857143
"Discord",0.0107142857142857
"Pinterest",0.00714285714285714
